Pitch,Time,TDRDF1,TDRDF2,TDRDF3,TDRDF4
3.3,0,99.18446198,99.47092084,98.87310217,99.28289716
3.3,0.05,100.1979385,100.3430595,99.94555322,100.1948017
3.3,0.1,101.1512278,101.315681,100.9578381,101.2035181
3.3,0.15,102.0553699,102.361338,102.0921057,102.2979987
3.3,0.2,103.049095,103.3027339,103.0325171,103.1765504
3.3,0.25,104.0300083,104.3551153,104.0043209,104.2078183
3.3,0.3,105.1157862,105.1337786,105.0210921,105.205022
3.3,0.35,106.066561,106.1588269,105.882977,106.0354585
3.3,0.4,106.8807535,106.9797069,106.8899752,106.9771535
3.3,0.45,107.9099986,107.839467,107.8459962,107.8294049
3.3,0.5,108.6988949,108.7437693,108.6236984,108.7333524
3.3,0.55,109.4337225,109.4622893,109.4287926,109.4748918
3.3,0.6,110.3464463,110.1624598,110.3209882,110.2221749
3.3,0.65,111.1551802,110.9170626,110.9762891,110.9347358
3.3,0.7,111.8138872,111.5838978,111.7381172,111.8135896
3.3,0.75,112.4003891,112.1325449,112.5346739,112.4570423
3.3,0.8,113.0019264,112.7646401,113.0978749,113.0421911
3.3,0.85,113.4954212,113.3749934,113.6377099,113.4691557
3.3,0.9,114.147431,113.7444489,114.2631983,114.0159797
3.3,0.95,114.4908876,114.182527,114.6436397,114.3860964
3.3,1,114.8790751,114.5080596,115.1313366,114.870796
3.3,1.05,115.2314312,114.8460584,115.4403956,115.1850169
3.3,1.1,115.6206685,115.2025285,115.7649336,115.5149586
3.3,1.15,115.8484289,115.4149666,115.990558,115.5749549
3.3,1.2,115.8573799,115.4430303,116.1587577,115.797196
3.3,1.25,116.0283654,115.6279801,116.3405083,115.9540241
3.3,1.3,116.080799,115.6693568,116.3037836,115.8633123
3.3,1.35,116.0551435,115.4838021,116.243364,115.9654593
3.3,1.4,116.0980294,115.4858376,116.3033475,115.8285486
3.3,1.45,115.7710494,115.2493723,116.0310297,115.7015261
3.3,1.5,115.6834378,115.0705413,115.8091912,115.484251
3.3,1.55,115.3929187,114.8244766,115.5711522,115.162764
3.3,1.6,115.1655861,114.5326625,115.2590545,114.8458556
3.3,1.65,114.7675964,114.0485014,115.0296632,114.3525165
3.3,1.7,114.2631586,113.6528057,114.4333495,114.0165611
3.3,1.75,113.6800393,113.1478621,113.9642705,113.5069999
3.3,1.8,113.2399117,112.5979091,113.518271,113.0352445
3.3,1.85,112.7299652,112.0210919,112.9497031,112.4536884
3.3,1.9,111.9579721,111.364924,112.31901,111.7616488
3.3,1.95,111.3760373,110.7733885,111.5983271,111.1205935
3.3,2,110.6299851,110.0947969,110.8526953,110.2557497
3.3,2.05,109.7830389,109.2148963,110.0221471,109.5417372
3.3,2.1,109.0530883,108.4961421,109.2500885,108.776202
3.3,2.15,108.1858218,107.5890492,108.4820597,107.9160742
3.3,2.2,107.2414806,106.827231,107.5823143,106.9652421
3.3,2.25,106.4580898,105.8014611,106.7009845,106.0651963
3.3,2.3,105.440154,104.9721411,105.7190506,105.2303462
3.3,2.35,104.5140563,104.0692859,104.7582939,104.2269162
3.3,2.4,103.5214318,103.0943554,103.6233126,103.3679206
3.3,2.45,102.4120151,102.0394731,102.7284916,102.3354201
3.3,2.5,101.4502337,101.0066062,101.6415113,101.3085587
3.3,2.55,100.4218915,100.1563237,100.6377335,100.232906
3.3,2.6,99.50599836,99.1228178,99.69277939,99.36978709
3.3,2.65,98.48047491,98.05924884,98.56349207,98.38188782
3.3,2.7,97.51210872,97.18569942,97.6761666,97.3692195
3.3,2.75,96.42051441,96.11631746,96.63705997,96.29169361
3.3,2.8,95.33126875,95.23661904,95.56638018,95.33274361
3.3,2.85,94.42103237,94.34432734,94.58288375,94.3177751
3.3,2.9,93.5119846,93.32318657,93.46707132,93.29850609
3.3,2.95,92.49955519,92.3186725,92.56576989,92.4595706
3.3,3,91.53215561,91.55047759,91.73466014,91.5033916
3.3,3.05,90.73157511,90.5637409,90.7552916,90.68373557
3.3,3.1,89.88643578,89.76563383,89.91538944,89.79538401
3.3,3.15,89.03317178,89.05512526,88.96034355,88.8871133
3.3,3.2,88.25077986,88.32991122,88.18436422,88.15925709
3.3,3.25,87.43968586,87.41735678,87.35547239,87.43102774
3.3,3.3,86.76735123,86.84996215,86.60905938,86.70669296
3.3,3.35,86.03262792,86.21458977,85.99970362,86.00912981
3.3,3.4,85.30328105,85.49971266,85.3430764,85.36302126
3.3,3.45,84.75022437,84.99671348,84.73906743,84.92953169
3.3,3.5,84.31579369,84.51972832,84.19133939,84.29478742
3.3,3.55,83.82137597,84.06041096,83.75249887,83.91335981
3.3,3.6,83.31274165,83.70218166,83.26860708,83.54439513
3.3,3.65,83.111184,83.43501135,82.8294772,83.24181058
3.3,3.7,82.73103747,83.09179084,82.53292738,82.86485381
3.3,3.75,82.39706186,82.91850657,82.30452835,82.56859217
3.3,3.8,82.20587017,82.8073702,82.13889109,82.53954743
3.3,3.85,82.21189705,82.72236471,81.98201798,82.29119537
3.3,3.9,82.1016132,82.63151934,81.88728883,82.30490301
3.3,3.95,82.11448637,82.67793447,81.89361388,82.3202954
3.3,4,82.09225936,82.65970676,82.00370464,82.40947787
3.3,4.05,82.26288783,82.89608694,82.08512058,82.4699088
3.3,4.1,82.47696844,82.94242612,82.15498093,82.59852935
3.3,4.15,82.67439255,83.22969723,82.43943873,83.02050396
3.3,4.2,83.09742689,83.50869643,82.79627518,83.33143245
3.3,4.25,83.42312031,83.9806673,83.13415285,83.68250547
3.3,4.3,83.68135675,84.40504235,83.56013925,84.05884524
3.3,4.35,84.33501024,84.92509763,83.9973054,84.54857856
3.3,4.4,84.70446476,85.41595418,84.57085103,85.11139041
3.3,4.45,85.43806462,85.84821776,85.07049924,85.60039672
3.3,4.5,85.86580544,86.61004075,85.65090402,86.30155154
3.3,4.55,86.57658589,87.22169834,86.28743614,86.90057035
3.3,4.6,87.37398202,87.95662869,87.0315286,87.60082488
3.3,4.65,88.0309259,88.5975294,87.81682238,88.41496235
3.3,4.7,88.99949242,89.52203,88.57541656,89.22589937
3.3,4.75,89.74366907,90.30292489,89.55535538,90.07727597
3.3,4.8,90.65813111,91.14032337,90.44811389,90.91735979
3.3,4.85,91.54954884,92.10849152,91.35897447,91.81973613
3.3,4.9,92.43859731,92.98312407,92.2561233,92.7043481
3.3,4.95,93.46572632,93.80659436,93.20406549,93.68468578
3.3,5,94.3018735,94.86493051,94.21653248,94.66662627
3.3,5.05,95.41294267,95.71850184,95.02582988,95.5263988
3.3,5.1,96.37869046,96.71933214,96.18749574,96.49503846
3.3,5.15,97.31371938,97.67816231,97.10516553,97.47540846
3.3,5.2,98.33327474,98.78637243,98.21430879,98.54157144
3.3,5.25,99.42407475,99.68864342,99.20038589,99.5248307
3.3,5.3,100.3959957,100.648031,100.315919,100.4857869
3.3,5.35,101.3886266,101.7762663,101.2437767,101.6058127
3.3,5.4,102.4845309,102.6380999,102.3259197,102.5356997
3.3,5.45,103.4195634,103.6798302,103.3588331,103.5342739
3.3,5.5,104.4134164,104.6012795,104.2254277,104.554177
3.3,5.55,105.3575122,105.4012132,105.181136,105.3610674
3.3,5.6,106.2566263,106.3663384,106.2683976,106.3482395
3.3,5.65,107.2121702,107.2428362,107.1789394,107.2607394
3.3,5.7,108.0890576,108.1775191,108.0491833,108.0854798
3.3,5.75,108.8536618,108.9914155,108.929007,108.9089913
3.3,5.8,109.743009,109.7605033,109.734417,109.7820303
3.3,5.85,110.5485534,110.3411255,110.4850247,110.5751683
3.3,5.9,111.2181086,111.1132818,111.3540915,111.3285856
3.3,5.95,111.9395119,111.8384303,112.0216374,111.8836454
3.3,6,112.5614536,112.3529269,112.6882557,112.4390219
3.3,6.05,113.2525976,112.9716977,113.2040317,113.157529
3.3,6.1,113.663382,113.5268937,113.9047644,113.6898702
3.3,6.15,114.2946015,114.0081967,114.2438668,114.0709171
3.3,6.2,114.7083536,114.2380569,114.7994668,114.6036647
3.3,6.25,115.0537848,114.6267488,115.0957197,114.9139885
3.3,6.3,115.3855239,115.0278253,115.5031212,115.1659536
3.3,6.35,115.7355675,115.1243012,115.8281591,115.5709523
3.3,6.4,115.8460547,115.318587,116.0798413,115.6711508
3.3,6.45,116.0105089,115.4478265,116.1898219,115.7675542
3.3,6.5,116.1309213,115.6082854,116.221313,115.7986358
3.3,6.55,116.0012908,115.6686193,116.3687876,115.9461873
3.3,6.6,116.0614911,115.5245777,116.2012687,115.825433
3.3,6.65,115.9299628,115.4643196,116.2141072,115.6471148
3.3,6.7,115.8536302,115.2378907,116.0983233,115.4988967
3.3,6.75,115.643662,114.9854836,115.8181457,115.4289099
3.3,6.8,115.2933266,114.771488,115.5154144,115.1011932
3.3,6.85,114.9592284,114.4795597,115.2296657,114.655628
3.3,6.9,114.5972162,113.9677452,114.7545455,114.231737
3.3,6.95,114.1530783,113.437602,114.3281681,113.8587294
3.3,7,113.6150037,113.0241861,113.8707137,113.2744534
3.3,7.05,112.9764768,112.5705212,113.4033889,112.8852841
3.3,7.1,112.5432433,111.9170414,112.793856,112.1797813
3.3,7.15,111.7176862,111.1552894,111.9791325,111.6480536
3.3,7.2,111.1825782,110.6164064,111.3280329,110.8182986
3.3,7.25,110.3467166,109.8010714,110.5425244,110.1658236
3.3,7.3,109.6452409,108.9633215,109.9091731,109.3109791
3.3,7.35,108.6665473,108.1451652,108.9986465,108.532637
3.3,7.4,107.9089371,107.3387741,108.2134426,107.6332189
3.3,7.45,107.0233139,106.4139387,107.2923481,106.7817752
3.3,7.5,106.1103249,105.6868139,106.2852178,105.9643867
3.3,7.55,105.0793055,104.5803093,105.315409,104.9544847
3.3,7.6,104.2099619,103.7534166,104.4148948,104.0158458
3.3,7.65,103.2745309,102.8630206,103.3553963,103.0752185
3.3,7.7,102.1652294,101.7297734,102.4011467,102.037911
3.3,7.75,101.2585759,100.8809357,101.4153493,101.0458393
3.3,7.8,100.2833949,99.91930483,100.4291648,99.96536937
3.3,7.85,99.09357946,98.77533599,99.32933017,99.06273438
3.3,7.9,98.24931506,97.82349129,98.27591826,97.91300873
3.3,7.95,97.15613915,96.91293851,97.27199153,96.93565611
3.3,8,96.12758649,95.81981994,96.19621926,96.04364699
3.3,8.05,95.21116465,94.89083243,95.18035687,94.9384903
3.3,8.1,94.21414516,93.90860145,94.17065497,93.98367473
3.3,8.15,93.22010305,93.08117907,93.20834867,93.08386005
3.3,8.2,92.28493406,92.07260448,92.22018115,92.20296062
3.3,8.25,91.37117368,91.21837561,91.37019611,91.20990545
3.3,8.3,90.47746287,90.42848018,90.56488408,90.37060209
3.3,8.35,89.48748982,89.6751054,89.51432056,89.56378092
3.3,8.4,88.70366716,88.77153599,88.66928446,88.67453314
3.3,8.45,87.95306769,88.06757948,88.03685415,88.01804513
3.3,8.5,87.17884908,87.41091733,87.2573622,87.29615401
3.3,8.55,86.48520269,86.73622845,86.49144779,86.45947301
3.3,8.6,85.75168619,85.96164377,85.87164068,85.97127594
3.3,8.65,85.12863268,85.46867009,85.19294659,85.33180859
3.3,8.7,84.61499481,84.96982561,84.50722159,84.6717532
3.3,8.75,84.22203366,84.36012023,84.12595382,84.22214175
3.3,8.8,83.68741723,84.07998243,83.67927079,83.69980803
3.3,8.85,83.32605582,83.57632101,83.24999653,83.37309348
3.3,8.9,82.99438288,83.35655065,82.82741175,83.10646603
3.3,8.95,82.65528553,83.11994692,82.60129764,82.73862415
3.3,9,82.39511144,82.908877,82.3596986,82.59956367
3.3,9.05,82.2408111,82.7683525,82.10302785,82.42945018
3.3,9.1,82.24424366,82.66935217,81.96985621,82.38394122
3.3,9.15,82.09770569,82.6041117,81.95295748,82.20480576
3.3,9.2,82.12569459,82.58256974,81.99245322,82.23079513
3.3,9.25,82.18056903,82.69635612,81.91687934,82.34128256
3.3,9.3,82.42693571,82.78985098,82.20040466,82.47446142
3.3,9.35,82.49376925,83.09736142,82.34088183,82.66801015
3.3,9.4,82.74916793,83.36413387,82.59709853,83.01848607
3.3,9.45,83.16029708,83.722698,82.84399189,83.41241682
3.3,9.5,83.47840988,84.05668491,83.15154304,83.74968706
3.3,9.55,83.93891429,84.40271716,83.66898239,84.10477564
3.3,9.6,84.4206844,85.06658322,84.1999046,84.72562748
3.3,9.65,84.87389827,85.58697606,84.57297479,85.08585478
3.3,9.7,85.46815514,86.20929767,85.16193708,85.84972595
3.3,9.75,86.24113095,86.70082924,85.81621657,86.33404699
3.3,9.8,86.78978318,87.33040786,86.55800751,87.07698095
3.3,9.85,87.46015486,88.18486862,87.25805061,87.85076195
3.3,9.9,88.3980055,88.83870882,88.06423896,88.61545722
3.3,9.95,89.13134911,89.77384339,88.96022275,89.3306674
3.3,10,89.94087095,90.48931457,89.70288311,90.18337519
3.3,10.05,90.85341332,91.41342405,90.61151928,91.10222456
3.3,10.1,91.70642012,92.36728873,91.46619216,92.04358629
3.3,10.15,92.71736706,93.28260577,92.37214139,93.00016899
3.3,10.2,93.74290174,94.05675735,93.43919505,93.82675892
3.3,10.25,94.66337539,95.13921361,94.3546835,94.86205372
3.3,10.3,95.52534437,96.04600219,95.48493733,95.7477181
3.3,10.35,96.54562573,97.07904114,96.44019034,96.80323741
3.3,10.4,97.60733657,97.94791786,97.44058018,97.75767932
3.3,10.45,98.56355849,99.07941226,98.41724801,98.78692853
3.3,10.5,99.74852651,100.0052955,99.44056122,99.91581828
3.3,10.55,100.7859703,100.9598189,100.539771,100.7768783
3.3,10.6,101.6058715,102.0151455,101.6207129,101.9295767
3.3,10.65,102.6844657,102.9507929,102.6510545,102.7394625
3.3,10.7,103.7132127,103.824793,103.5923512,103.8427953
3.3,10.75,104.586659,104.8229843,104.5093732,104.6892473
3.3,10.8,105.6831124,105.7195012,105.6260529,105.6482917
3.3,10.85,106.5052683,106.6378254,106.5811484,106.5783547
3.3,10.9,107.3714777,107.3972472,107.409924,107.5865859
3.3,10.95,108.3602879,108.2760829,108.3143274,108.2863289
3.3,11,109.1143562,109.1869722,109.1960337,109.1504777
3.3,11.05,110.016856,109.9585664,110.0556011,109.9356561
3.3,11.1,110.6330752,110.6537553,110.7113984,110.7470682
3.3,11.15,111.4559982,111.3624462,111.3845238,111.441161
3.3,11.2,112.2049099,111.9051381,112.1670951,112.1411965
3.3,11.25,112.6894596,112.4658164,112.7752277,112.7923413
3.3,11.3,113.2986116,113.1901157,113.4720723,113.1993606
3.3,11.35,113.9493279,113.6217438,113.8975864,113.700114
3.3,11.4,114.3049472,114.1045793,114.4589042,114.3188584
3.3,11.45,114.8196861,114.4110971,114.9853598,114.6378314
3.3,11.5,115.0700616,114.7883507,115.2096554,115.0265916
3.3,11.55,115.538356,114.9816297,115.5456508,115.2358291
3.3,11.6,115.7227617,115.2391122,115.874342,115.4948408
3.3,11.65,115.9547448,115.520376,116.0941326,115.7048587
3.3,11.7,115.9251467,115.4628663,116.1859838,115.8920445
3.3,11.75,116.173363,115.589326,116.271844,115.9628128
3.3,11.8,116.059423,115.5300256,116.3693566,115.9755778
3.3,11.85,116.0958562,115.5831185,116.2453453,115.8080946
3.3,11.9,115.8728895,115.3774414,116.2303112,115.6666815
3.3,11.95,115.6670917,115.2352838,115.8918005,115.5493551
3.3,12,115.4592726,114.8718544,115.8045871,115.2166567
3.3,12.05,115.2683381,114.6401833,115.5188257,114.8832728
3.3,12.1,114.7697218,114.3772474,115.185712,114.6854308
3.3,12.15,114.5338299,113.8956296,114.6260615,114.2683875
3.3,12.2,114.0733983,113.310866,114.2777455,113.781473
3.3,12.25,113.4126324,112.9712811,113.6573761,113.2231256
3.3,12.3,112.8688653,112.3593639,113.2078477,112.7442717
3.2,12.35,112.2879364,111.7259446,112.5609835,112.0701085
3.2,12.4,111.6671976,111.0023363,111.9540847,111.3412725
3.2,12.45,110.9985699,110.3291823,111.2267897,110.637287
3.2,12.5,110.1002971,109.6657913,110.4043192,109.8700556
3.2,12.55,109.396095,108.7760134,109.5288183,109.1306793
3.2,12.6,108.5683602,108.0288474,108.861885,108.2389439
3.2,12.65,107.6944544,107.1455759,107.9040875,107.3254207
3.2,12.7,106.7344595,106.3247328,106.9930545,106.5961603
3.2,12.75,105.8224866,105.3635192,106.0519127,105.6340042
3.2,12.8,104.8480658,104.3192337,105.2007312,104.6057004
3.2,12.85,103.8330732,103.5424382,104.1590282,103.7461575
3.2,12.9,102.8699587,102.4889392,103.0796386,102.759467
3.2,12.95,102.03221,101.4442353,102.2314943,101.6775644
3.2,13,100.9558974,100.546439,101.1224329,100.7677993
3.2,13.05,99.90849775,99.52295824,100.1450791,99.78899958
3.2,13.1,98.90380883,98.62414946,99.10618732,98.69777403
3.2,13.15,97.82565424,97.64706097,97.97825691,97.75845314
3.2,13.2,96.78788827,96.50239679,97.08774233,96.70968194
3.2,13.25,95.91051828,95.68747655,95.94839288,95.71213472
3.2,13.3,94.79231133,94.68612761,95.00827633,94.7716021
3.2,13.35,93.86511021,93.70427085,93.97992666,93.69215567
3.2,13.4,92.95726805,92.84912454,92.9765407,92.87036638
3.2,13.45,91.95774796,91.82252035,92.0569066,91.99610812
3.2,13.5,91.09140739,91.09147429,91.13156105,90.96040515
3.2,13.55,90.2247095,90.20057805,90.28016197,90.24422833
3.2,13.6,89.25881981,89.32750035,89.33489612,89.34158936
3.2,13.65,88.42583868,88.54485359,88.60646019,88.48151366
3.2,13.7,87.677296,87.73527935,87.80605628,87.69046478
3.2,13.75,86.94578569,87.0890496,86.90353025,87.01384753
3.2,13.8,86.37032236,86.46868813,86.27932957,86.40906012
3.2,13.85,85.58385885,85.84750514,85.63681963,85.70828697
3.2,13.9,85.09127226,85.23777835,84.9535834,85.04021996
3.2,13.95,84.41196672,84.677563,84.40289075,84.59822437
3.2,14,83.91831526,84.39787319,83.8467684,84.13226703
3.2,14.05,83.64970101,83.8909894,83.44768235,83.65481063
3.2,14.1,83.22710878,83.61247916,83.01263674,83.23846257
3.2,14.15,82.77172693,83.17634723,82.72831058,82.98811175
3.2,14.2,82.55039651,83.04588085,82.37801435,82.69356075
3.2,14.25,82.35441163,82.71039511,82.18314314,82.48687794
3.2,14.3,82.18488051,82.63973903,82.0048745,82.32171914
3.2,14.35,82.03075787,82.61521937,82.02064665,82.29707371
3.2,14.4,82.00244699,82.59137063,81.85311225,82.3637339
3.2,14.45,82.16557251,82.66769355,81.99271124,82.26961189
3.2,14.5,82.1519245,82.80250274,81.93860537,82.34924267
3.2,14.55,82.41236272,82.98841315,82.21814667,82.51084493
3.2,14.6,82.52657617,83.24463977,82.35878112,82.72903074
3.2,14.65,82.86132,83.46851319,82.7178001,83.0697049
3.2,14.7,83.13963874,83.69486451,82.94702881,83.48736439
3.2,14.75,83.54114842,84.26540454,83.33086558,83.75799115
3.2,14.8,84.05420998,84.55363569,83.86106913,84.30346064
3.2,14.85,84.56927181,85.1837527,84.23466896,84.88084309
3.2,14.9,85.10406617,85.74929996,84.79260311,85.36951132
3.2,14.95,85.74359029,86.21788289,85.48536857,85.84919608
3.2,15,86.30860219,86.8635805,85.98062844,86.61046322
3.2,15.05,87.08855206,87.56876772,86.74808939,87.34191353
3.2,15.1,87.80869196,88.3448387,87.43376961,88.0139917
3.2,15.15,88.47858775,89.05600139,88.37110772,88.70985858
3.2,15.2,89.35215658,89.99365852,89.12348381,89.65939399
3.2,15.25,90.29827392,90.85647767,89.87455137,90.48557644
3.2,15.3,91.14961388,91.65612335,90.84636649,91.43869703
3.2,15.35,92.01192534,92.44128092,91.73002833,92.23929462
3.2,15.4,92.95630749,93.40752239,92.70690244,93.26497463
3.2,15.45,93.92226504,94.31560952,93.6796217,94.15402543
3.2,15.5,94.9562379,95.38223687,94.61943002,95.15017714
3.2,15.55,95.9306125,96.34904371,95.62239183,96.06971279
3.2,15.6,96.91533296,97.34894373,96.73797099,97.06179384
3.2,15.65,97.86751547,98.21143316,97.74113424,98.04926856
3.2,15.7,98.904914,99.35438679,98.80371587,99.10412248
3.2,15.75,99.95640727,100.2900291,99.77450655,100.0692793
3.2,15.8,100.9903759,101.1897794,100.851759,101.1511613
3.2,15.85,101.9827988,102.1837584,101.7982349,102.0470494
3.2,15.9,102.9384687,103.1630205,102.8811872,103.135145
3.2,15.95,103.9624414,104.1689002,103.7680418,104.0360165
3.2,16,104.9661328,104.994552,104.8965046,105.0841165
3.2,16.05,105.7941732,106.0656628,105.8159319,105.9965984
3.2,16.1,106.8714184,106.9677165,106.7449163,106.8358918
3.2,16.15,107.7227651,107.7566928,107.5658743,107.6629926
3.2,16.2,108.5301411,108.6443582,108.4651023,108.5321813
3.2,16.25,109.3656144,109.4064066,109.3457208,109.3527644
3.2,16.3,110.2787675,110.157258,110.2313378,110.2289593
3.2,16.35,110.9318207,110.7848929,110.8859787,110.9202707
3.2,16.4,111.7433647,111.5825268,111.6153136,111.5265263
3.2,16.45,112.3058715,112.0332743,112.2950647,112.2427321
3.2,16.5,112.9157051,112.7126477,113.0305767,112.919802
3.2,16.55,113.4193414,113.2307543,113.6327365,113.4953795
3.2,16.6,113.9608318,113.7454472,114.19555,113.9565933
3.2,16.65,114.4967694,114.08965,114.6320166,114.3564732
3.2,16.7,114.7962231,114.5924699,114.9156558,114.7448503
3.2,16.75,115.2559495,114.8566876,115.3741865,115.0616668
3.2,16.8,115.5824359,115.1242795,115.6988081,115.310882
3.2,16.85,115.7536063,115.3205029,115.9460703,115.5683226
3.2,16.9,115.8706735,115.4079396,116.1777547,115.8363616
3.2,16.95,115.9957983,115.4910588,116.3141863,115.902775
3.2,17,116.166649,115.6668385,116.204349,115.8155632
3.2,17.05,116.1450076,115.5416052,116.3624134,115.8465918
3.2,17.1,115.9855678,115.4842004,116.1323571,115.7141258
3.2,17.15,115.8349567,115.293526,116.1501853,115.6116463
3.2,17.2,115.6238223,115.0738004,115.9350169,115.3808177
3.2,17.25,115.4975911,114.8252352,115.6641253,115.1889403
3.2,17.3,115.0834839,114.5149311,115.3700568,114.8840207
3.2,17.35,114.7778665,114.1351096,115.0303123,114.6039097
3.2,17.4,114.4209484,113.669521,114.6576649,114.1003115
3.2,17.45,113.8900674,113.1628215,114.0155073,113.6333047
3.2,17.5,113.4067806,112.8090878,113.6660065,113.0745588
3.2,17.55,112.7991046,112.0415261,112.9277651,112.4382108
3.2,17.6,112.1762271,111.5351472,112.385003,111.8659952
3.2,17.65,111.5019289,110.8239461,111.5996411,111.2375255
3.2,17.7,110.6059171,110.2016393,110.9334662,110.4749747
3.2,17.75,109.8638399,109.3979076,110.1360199,109.6200198
3.2,17.8,109.0994978,108.4803649,109.3992788,108.9584476
3.2,17.85,108.2236687,107.7213443,108.5844317,108.0954094
3.2,17.9,107.321519,106.8544298,107.7096307,107.1520563
3.2,17.95,106.5277855,106.0938672,106.655167,106.2806663
3.2,18,105.6435713,105.0000213,105.91155,105.252264
3.2,18.05,104.5584944,104.2129953,104.9137987,104.3628013
3.2,18.1,103.6089211,103.2088228,103.7958818,103.4178237
3.2,18.15,102.6760887,102.199949,102.7877015,102.4698082
3.2,18.2,101.6716959,101.3129962,101.8948881,101.5365007
3.2,18.25,100.549768,100.3250922,100.884318,100.5043102
3.2,18.3,99.70473621,99.26852708,99.83980469,99.49628311
3.2,18.35,98.58047841,98.30980533,98.69135,98.37722554
3.2,18.4,97.61782383,97.31305704,97.78566011,97.39192715
3.2,18.45,96.55388239,96.36359243,96.71247695,96.53962956
3.2,18.5,95.4970339,95.38897842,95.64272805,95.39483574
3.2,18.55,94.65508166,94.35696815,94.74698458,94.40872964
3.2,18.6,93.51898951,93.37501257,93.63406067,93.48979515
3.2,18.65,92.64499017,92.49718705,92.72378721,92.5679021
3.2,18.7,91.65397351,91.62883383,91.8041748,91.6244825
3.2,18.75,90.87362668,90.72082192,90.79136031,90.68110026
3.2,18.8,90.03297171,89.85426781,89.90330213,89.88100203
3.2,18.85,89.08590912,89.14086529,89.20228582,89.07929932
3.2,18.9,88.29019303,88.279533,88.37345496,88.33274079
3.2,18.95,87.57426747,87.57333075,87.53730532,87.57228341
3.2,19,86.81947804,86.99388695,86.86631633,86.82990331
3.2,19.05,86.02864767,86.24680667,86.12745165,86.12491708
3.2,19.1,85.50592889,85.63048385,85.46867645,85.51416872
3.2,19.15,84.92298355,85.08623007,84.85808931,85.065618
3.2,19.2,84.35936239,84.61047505,84.22946906,84.41361293
3.2,19.25,83.81831832,84.1180902,83.79526481,83.90922205
3.2,19.3,83.52071626,83.75024098,83.34470272,83.64557986
3.2,19.35,83.03243798,83.51775515,83.04800133,83.16059686
3.2,19.4,82.8138664,83.16860655,82.62464543,82.85542097
3.2,19.45,82.56573864,82.90067873,82.27104464,82.59362845
3.2,19.5,82.24160413,82.6680664,82.14404628,82.55642795
3.2,19.55,82.24031314,82.72855351,82.08768001,82.38761747
3.2,19.6,82.0845658,82.67315547,81.95412918,82.3899609
3.2,19.65,82.02676312,82.6803183,81.95382054,82.25533982
3.2,19.7,82.15511694,82.62549783,81.94835959,82.38945033
3.2,19.75,82.33949559,82.73821823,82.14046595,82.4603419
3.2,19.8,82.424609,83.00972804,82.24698043,82.56797742
3.2,19.85,82.68035048,83.31339249,82.44532597,82.83236549
3.2,19.9,83.0127113,83.43400636,82.76307621,83.1324896
3.2,19.95,83.22205462,83.92689243,82.98499341,83.52667173
3.2,20,83.77296497,84.34546819,83.49112001,83.8999896
3.2,20.05,84.23255846,84.75440028,83.81126718,84.50362178
3.2,20.1,84.69122192,85.2225118,84.51387384,85.00947161
3.2,20.15,85.24976238,85.8106405,85.04941584,85.53796151
3.2,20.2,85.83576044,86.36581141,85.64206505,86.21082055
3.2,20.25,86.59008041,87.10759028,86.19831364,86.70226493
3.2,20.3,87.2527731,87.78744882,87.01098726,87.40681514
3.2,20.35,87.89594786,88.57476783,87.75407633,88.1459528
3.2,20.4,88.8223919,89.26731051,88.47723867,89.0308853
3.2,20.45,89.64460615,90.12639498,89.42729866,89.84088558
3.2,20.5,90.40286394,90.96825168,90.14600261,90.78109466
3.2,20.55,91.4167715,91.93600906,91.19210202,91.65802012
3.2,20.6,92.25895716,92.75245967,91.96400868,92.58530257
3.2,20.65,93.18821351,93.61167689,93.02141443,93.43893338
3.2,20.7,94.25082445,94.56255842,93.92562672,94.34458214
3.2,20.75,95.10456303,95.62250478,94.98132929,95.33369177
3.2,20.8,96.24767389,96.57950976,95.94010495,96.4583342
3.2,20.85,97.14018758,97.51843223,96.94774886,97.28574635
3.2,20.9,98.11359862,98.46813805,98.11805578,98.45736785
3.2,20.95,99.2516925,99.60975733,99.00616594,99.48905023
3.2,21,100.3183487,100.508608,100.1668335,100.4083674
3.2,21.05,101.2071299,101.5705078,101.1513492,101.3468403
3.2,21.1,102.271846,102.5925238,102.0899755,102.3681109
3.2,21.15,103.3105505,103.4313069,103.1344752,103.2905392
3.2,21.2,104.2266381,104.3552167,104.2085553,104.2876476
3.2,21.25,105.1209693,105.4040789,105.1431189,105.3266783
3.2,21.3,106.0866747,106.2066,106.0459181,106.2401067
3.2,21.35,107.0736072,107.1947047,107.0423315,107.1659118
3.2,21.4,107.8938077,107.9126728,107.9162351,107.9812513
3.2,21.45,108.7035247,108.713118,108.8662641,108.7379921
3.2,21.5,109.7159287,109.6349427,109.546686,109.6752841
3.2,21.55,110.4172026,110.3764881,110.4085562,110.4375544
3.2,21.6,111.1539536,110.9379517,111.1484965,111.1213574
3.4,21.65,111.7915987,111.7538543,111.8107116,111.7958755
3.4,21.7,112.4308586,112.2735622,112.4798273,112.4059641
3.4,21.75,113.0537016,112.8442776,113.151289,113.0922112
3.4,21.8,113.6772024,113.4081888,113.7505445,113.6557467
3.4,21.85,114.1232102,113.8802916,114.2709167,114.0543049
3.4,21.9,114.6272015,114.30483,114.7827229,114.4627238
3.4,21.95,115.0189132,114.6598332,115.0705022,114.9412218
3.4,22,115.3712482,114.8502964,115.5295337,115.1536097
3.4,22.05,115.6334867,115.1292086,115.7497713,115.433476
3.4,22.1,115.8491857,115.3398066,115.9777066,115.7465129
3.4,22.15,115.8852431,115.4539001,116.2332936,115.7967581
3.4,22.2,116.1287236,115.5220875,116.2144708,115.8171984
3.4,22.25,116.0379459,115.6507057,116.1999047,115.9483645
3.4,22.3,116.1007565,115.5598949,116.3687952,115.9342605
3.4,22.35,115.9358906,115.5319672,116.2930261,115.6922082
3.4,22.4,115.7843157,115.3806713,115.9695348,115.5345826
3.4,22.45,115.6913867,114.9892929,115.8635324,115.4422166
3.4,22.5,115.4053726,114.7527446,115.5710355,115.0295794
3.4,22.55,114.961533,114.3696171,115.2688784,114.8087955
3.4,22.6,114.5732393,114.1125172,114.9417678,114.3567833
3.4,22.65,114.30237,113.6607059,114.5231503,113.9532568
3.4,22.7,113.7940608,113.1415924,113.8961879,113.4338202
3.4,22.75,113.1483364,112.5869846,113.3291499,112.8357286
3.4,22.8,112.6416408,112.0194814,112.767434,112.3118285
3.4,22.85,111.9563024,111.3411059,112.2077752,111.5987337
3.4,22.9,111.2510047,110.6927546,111.4024324,110.9576292
3.4,22.95,110.5147928,109.853926,110.8196971,110.1876483
3.4,23,109.6497286,109.0562448,109.9359394,109.4788106
3.4,23.05,108.8544206,108.2880313,109.2130981,108.6475261
3.4,23.1,108.0267956,107.4527662,108.3310128,107.7193253
3.4,23.15,107.124789,106.6708482,107.3581653,106.830857
3.4,23.2,106.229897,105.7970116,106.4160557,105.9368039
3.4,23.25,105.4115029,104.7464331,105.4888224,105.1708683
3.4,23.3,104.3415595,103.8146804,104.5991964,104.1838084
3.4,23.35,103.4554649,102.9947203,103.6752043,103.2287729
3.4,23.4,102.4148165,101.9729582,102.5862742,102.176518
3.4,23.45,101.4719008,101.0583225,101.6226008,101.1103287
3.4,23.5,100.4434997,100.0422971,100.5966312,100.0843434
3.4,23.55,99.4307945,99.03560482,99.42561689,99.10724127
3.4,23.6,98.33439789,98.06678416,98.47942861,98.21680665
3.4,23.65,97.40147214,96.99097631,97.40735565,97.18297613
3.4,23.7,96.26293565,96.09156536,96.34110199,96.23942032
3.4,23.75,95.34542434,95.03607289,95.41536036,95.16174352
3.4,23.8,94.29569191,94.07680469,94.45125729,94.20361448
3.4,23.85,93.29220496,93.22629001,93.51734816,93.15568457
3.4,23.9,92.30768227,92.3600937,92.48982708,92.32795895
3.4,23.95,91.39811677,91.4641159,91.59451911,91.48116736
3.4,24,90.60615182,90.57032116,90.6133191,90.48562138
3.4,24.05,89.67674122,89.61271434,89.73816286,89.66375611
3.4,24.1,88.78258364,88.86861041,88.9737847,88.91841011
3.4,24.15,88.03016823,88.19961947,88.15176101,88.14663648
3.4,24.2,87.37826104,87.33451425,87.33262883,87.25872863
3.4,24.25,86.59163352,86.6712738,86.49677309,86.72347858
3.4,24.3,85.98419278,86.13232298,85.92511319,86.06079156
3.4,24.35,85.32140245,85.57512963,85.31239976,85.37893593
3.4,24.4,84.66230866,84.90281848,84.59353558,84.85062192
3.4,24.45,84.15100203,84.56843078,84.12006434,84.39387719
3.4,24.5,83.82097288,84.01544681,83.70138921,83.94539288
3.4,24.55,83.33477345,83.74351202,83.1899957,83.55431743
3.4,24.6,82.99408306,83.38566041,82.84173106,83.17694582
3.4,24.65,82.59629699,83.12103471,82.51360685,82.87977059
3.4,24.7,82.43998729,82.97870051,82.3755558,82.70778626
3.4,24.75,82.32025764,82.78818504,82.07044799,82.38592405
3.4,24.8,82.21545073,82.56657676,81.88584734,82.44213274
3.4,24.85,82.07312289,82.58228333,81.99709449,82.33630387
3.4,24.9,82.20284901,82.52730681,81.8564509,82.41689649
3.4,24.95,82.08957167,82.66590447,82.01776309,82.37674419
3.4,25,82.22819914,82.938079,82.11888995,82.58065417
3.4,25.05,82.55254703,82.97252876,82.25870814,82.73441074
3.4,25.1,82.64672229,83.34599941,82.43228323,83.02121798
3.4,25.15,83.05533053,83.67759406,82.88213718,83.28989555
3.4,25.2,83.37515678,84.04620555,83.13976078,83.63840928
3.4,25.25,83.76200553,84.36489267,83.59772702,84.17716138
3.4,25.3,84.39041743,84.96772547,83.98802482,84.54782918
3.4,25.35,84.79156677,85.49946463,84.66366969,85.05315997
3.4,25.4,85.40746832,85.98850906,85.20436379,85.6791453
3.4,25.45,86.11984508,86.61302089,85.8130089,86.21869109
3.4,25.5,86.80110412,87.26415966,86.43754708,86.9496529
3.4,25.55,87.51707657,88.07465118,87.13894353,87.61704947
3.4,25.6,88.29300932,88.76727508,88.01626557,88.4672242
3.4,25.65,89.07770616,89.51691878,88.66450113,89.23038749
3.4,25.7,89.82389946,90.3688197,89.63243061,90.07845673
3.4,25.75,90.62885236,91.26483483,90.49287407,91.01929235
3.4,25.8,91.64828227,92.03806976,91.3786134,91.92572362
3.4,25.85,92.56637589,92.96267454,92.38573959,92.68325129
3.4,25.9,93.49457389,94.04750394,93.36173883,93.72439001
3.4,25.95,94.51991475,94.89181319,94.21465433,94.67349664
3.4,26,95.53475566,95.81327728,95.17200491,95.59779404
3.4,26.05,96.4134254,96.94300807,96.25735077,96.57084742
3.4,26.1,97.50487277,97.81597035,97.24067201,97.70742346
3.4,26.15,98.4041791,98.86074955,98.31431866,98.69588593
3.4,26.2,99.55049882,99.88112352,99.39726739,99.6494012
3.4,26.25,100.454907,100.7679877,100.3649057,100.6840395
3.4,26.3,101.5704817,101.87125,101.3009207,101.6319033
3.4,26.35,102.5405927,102.8498753,102.39542,102.7114186
3.4,26.4,103.5691368,103.682797,103.427648,103.7430695
3.4,26.45,104.5986292,104.608943,104.3590886,104.6667579
3.4,26.5,105.4634776,105.5507458,105.3417244,105.5225606
3.4,26.55,106.4996644,106.5757499,106.2795739,106.4393026
3.4,26.6,107.3306077,107.3536799,107.3517467,107.3850148
3.4,26.65,108.1130579,108.1835761,108.1120471,108.1313983
3.4,26.7,109.0142114,108.9623147,108.978116,109.1487365
3.4,26.75,109.7476856,109.6988008,109.9201725,109.8479094
3.4,26.8,110.5719547,110.5793939,110.556647,110.5021209
3.4,26.85,111.3137162,111.2865374,111.4209854,111.3930838
3.4,26.9,111.9619645,111.8388662,112.0316047,112.0132915
3.4,26.95,112.6374101,112.4207782,112.6654127,112.5903747
3.4,27,113.3014283,113.0433489,113.3001146,113.2405697
3.4,27.05,113.7980705,113.597292,113.9485539,113.7939569
3.4,27.1,114.2394108,113.9626455,114.4486099,114.133677
3.4,27.15,114.6887266,114.3439612,114.7349235,114.5847519
3.4,27.2,115.1655116,114.7497616,115.151447,114.8945873
3.4,27.25,115.4403029,114.9559482,115.6093713,115.3318891
3.4,27.3,115.7129015,115.277287,115.9033207,115.4749374
3.4,27.35,115.8189098,115.4114489,116.0597029,115.786452
3.4,27.4,116.036109,115.5946734,116.2425569,115.8717092
3.4,27.45,116.0990665,115.6878614,116.2130898,115.98251
3.4,27.5,116.1688575,115.6599348,116.2442958,115.8079994
3.4,27.55,116.1393819,115.5286451,116.2017964,115.8158599
3.4,27.6,115.9540517,115.4273495,116.264163,115.6801916
3.4,27.65,115.8143084,115.1792418,115.9567736,115.5092519
3.4,27.7,115.6361107,115.0612156,115.7780532,115.2614689
3.4,27.75,115.2745362,114.7781081,115.5181449,114.9504495
3.4,27.8,115.0052659,114.2955676,115.2665273,114.6847017
3.4,27.85,114.5735001,113.958694,114.7229967,114.2931816
3.4,27.9,114.1648632,113.5376108,114.2480998,113.9112964
3.4,27.95,113.4780732,112.9832622,113.8623025,113.2684312
3.4,28,112.977412,112.4006976,113.1800187,112.8181918
3.4,28.05,112.3131472,111.823573,112.6849693,112.1827231
3.4,28.1,111.7450241,111.198802,112.0643211,111.410074
3.4,28.15,111.1234529,110.3510615,111.3282581,110.8399268
3.4,28.2,110.3475217,109.7021317,110.5578773,109.9608928
3.4,28.25,109.4882325,108.8652616,109.8461667,109.1629777
3.4,28.3,108.7400348,108.071843,108.8653773,108.4963859
3.4,28.35,107.8274816,107.2295343,108.0323839,107.6018944
3.4,28.4,106.8851348,106.3055232,107.1619075,106.7016464
3.4,28.45,106.0902802,105.3939356,106.2493398,105.7751841
3.4,28.5,105.0368821,104.5445344,105.2557199,104.8445377
3.4,28.55,104.1296971,103.6532228,104.3025596,103.924479
3.4,28.6,103.1206454,102.7454354,103.2614103,102.8823135
3.4,28.65,102.0239949,101.7410829,102.2784363,101.8789417
3.4,28.7,101.0688262,100.7921332,101.3490475,100.9161208
3.4,28.75,100.0951051,99.71784226,100.2977831,99.879165
3.4,28.8,99.12500604,98.63037221,99.29648611,98.8927444
3.4,28.85,98.06292581,97.7269692,98.14683192,97.94312413
3.4,28.9,96.95442023,96.81451314,97.17144722,96.85723396
3.4,28.95,96.03391897,95.72502431,96.21706371,95.85301402
3.4,29,95.0745984,94.85675204,95.06887515,94.93176811
3.4,29.05,93.99632032,93.82038737,94.11636304,93.97593477
3.4,29.1,93.01466636,93.01508792,93.23011323,93.04875648
3.4,29.15,92.13928034,92.06875889,92.27308731,92.01840843
3.4,29.2,91.13395455,91.11819318,91.26675341,91.17883952
3.4,29.25,90.25225633,90.28938595,90.42395687,90.26028958
3.4,29.3,89.47962974,89.43822248,89.43738997,89.46185816
3.4,29.35,88.63246495,88.5971123,88.70405609,88.66405716
3.4,29.4,87.87909146,87.93749216,87.90436308,87.83137644
3.4,29.45,87.03627676,87.14423919,87.1061647,87.04765961
3.4,29.5,86.47651956,86.64847392,86.29495042,86.49692727
3.4,29.55,85.774818,85.87597078,85.67621526,85.72056993
3.4,29.6,85.20551309,85.33090096,85.1630205,85.25441759
3.4,29.65,84.66009029,84.80769555,84.50662203,84.68165457
3.4,29.7,84.00313657,84.38283209,83.98918724,84.09129931
3.4,29.75,83.65660434,84.00593606,83.58990156,83.77266012
3.4,29.8,83.21742788,83.677738,83.15691639,83.4620392
3.4,29.85,82.85144918,83.21252393,82.82738158,83.07198797
3.4,29.9,82.53368581,82.93616359,82.42637058,82.76958056
3.4,29.95,82.4051115,82.79908795,82.24347404,82.63999917
3.4,30,82.17843367,82.6130091,82.11520293,82.4039831
3.4,30.05,82.23407121,82.62257121,82.04219786,82.42003287
3.4,30.1,82.17826344,82.55031119,81.84481088,82.37998268
3.4,30.15,82.16770651,82.60913006,81.93222708,82.42992197
3.4,30.2,82.21884002,82.78657067,81.97115456,82.46618007
3.4,30.25,82.44544568,82.90095549,82.02818868,82.60896254
3.4,30.3,82.52285353,83.06876666,82.28116707,82.71092425
3.4,30.35,82.72013039,83.32645732,82.66334234,83.01757776
3.4,30.4,83.14093587,83.73944563,82.97970218,83.41030338
3.4,30.45,83.52055783,84.2076545,83.29186812,83.71447813
3.4,30.5,84.01342253,84.59152784,83.63916647,84.21422112
3.4,30.55,84.42612338,84.99893418,84.25311957,84.79274469
3.4,30.6,84.94087864,85.53621177,84.746382,85.27516935
3.4,30.65,85.61099283,86.19861709,85.36634568,85.86636655
3.4,30.7,86.2156855,86.81867848,86.01136219,86.47448732
3.4,30.75,86.93152058,87.41966087,86.73914602,87.22738672
3.4,30.8,87.57448785,88.16193152,87.34372026,87.94172324
3.4,30.85,88.431549,88.91963688,88.23852771,88.59661452
3.4,30.9,89.28134846,89.80640308,89.03815687,89.45891358
3.4,30.95,90.01425053,90.6347415,89.88772995,90.36413925
3.4,31,91.03408262,91.44289237,90.81530447,91.12352012
3.4,31.05,91.83041047,92.34059088,91.62845034,92.04654041
3.4,31.1,92.88211669,93.3755778,92.65318022,92.95739111
3.4,31.15,93.83122049,94.2670623,93.60584693,93.90327605
3.4,31.2,94.77461966,95.18248723,94.52328078,94.88604234
3.4,31.25,95.76411291,96.25927359,95.58742902,95.97340405
3.4,31.3,96.73450938,97.21077301,96.56022965,96.9800137
3.4,31.35,97.80388988,98.02635037,97.57703822,97.9743435
3.4,31.4,98.72977475,99.1168953,98.68177603,99.02089723
3.4,31.45,99.72499149,100.1189566,99.70753727,99.99622566
3.4,31.5,100.8315461,101.1664722,100.6143814,101.017332
3.4,31.55,101.7664291,101.9813225,101.6321676,101.9185585
3.4,31.6,102.792276,102.9898327,102.6367805,102.9049194
3.4,31.65,103.7165367,103.9299833,103.642036,103.9510966
3.4,31.7,104.8216781,104.8575627,104.7385584,104.7883564
3.4,31.75,105.7637394,105.9065563,105.6386948,105.8792608
3.4,31.8,106.6977489,106.7215372,106.6023514,106.6594682
3.4,31.85,107.601107,107.5631753,107.4247703,107.5881029
3.4,31.9,108.4309331,108.4526934,108.2968113,108.4022158
3.4,31.95,109.2312788,109.2848262,109.2461641,109.3001946
3.4,32,110.1475742,109.9043343,110.0436107,110.0917682
3.4,32.05,110.854762,110.7915846,110.846239,110.7351133
3.4,32.1,111.6111324,111.3119236,111.5668278,111.5415832
3.4,32.15,112.2146015,111.9450533,112.2609444,112.1651696
3.4,32.2,112.9337969,112.6956111,112.908921,112.8479889
3.4,32.25,113.455591,113.1971741,113.4950249,113.2781061
3.4,32.3,114.0152187,113.7142121,114.1067449,113.9394762
3.4,32.35,114.3937733,114.0467104,114.5398818,114.3777245
3.4,32.4,114.787952,114.3987911,114.8568251,114.6369067
3.4,32.45,115.2048106,114.8303541,115.4055477,115.0634246
3.4,32.5,115.4502127,115.0057082,115.5951848,115.2658268
3.4,32.55,115.7663742,115.3835134,115.8904543,115.4757735
3.4,32.6,115.8657941,115.4239628,116.0978306,115.6934201
3.4,32.65,116.0341018,115.5129282,116.1666733,115.914359
3.4,32.7,116.1390764,115.6665103,116.3385769,115.966297
3.4,32.75,116.1126363,115.5725022,116.3442235,115.9038685
3.4,32.8,116.0013266,115.50216,116.2769012,115.8429151
3.4,32.85,115.9881322,115.308922,116.0405611,115.772741
3.4,32.9,115.7348142,115.2415402,115.8862505,115.4031724
3.4,32.95,115.4173819,114.8191686,115.7308751,115.3246382
3.4,33,115.1162115,114.5909133,115.3595844,115.0004733
3.4,33.05,114.7879677,114.1529553,115.1172681,114.5258057
3.4,33.1,114.4734639,113.8104428,114.6714848,114.2368053
3.4,33.15,113.85582,113.4051139,114.1219076,113.7411698
3.4,33.2,113.4546013,112.853585,113.753033,113.0931862
3.4,33.25,112.7790999,112.3222778,113.1880255,112.5594116
3.4,33.3,112.227221,111.6819408,112.5056681,111.9559797
3.4,33.35,111.5639144,111.0318097,111.8360606,111.323564
3.4,33.4,110.8286542,110.2211538,111.0927829,110.6293702
3.4,33.45,110.0471036,109.5663066,110.2587686,109.890806
3.4,33.5,109.3247902,108.6898592,109.4929441,109.0167265
3.4,33.55,108.4089472,107.8723743,108.7028615,108.185616
3.4,33.6,107.606466,106.9525179,107.8569934,107.2552597
3.4,33.65,106.7444692,106.0664672,106.8454093,106.4774625
3.4,33.7,105.6431466,105.2410541,105.9041955,105.5815247
3.4,33.75,104.7520546,104.2328658,104.9662018,104.5415378
3.4,33.8,103.7518654,103.2980301,104.0319489,103.6377777
3.4,33.85,102.8139264,102.3893416,102.9934897,102.573103
3.4,33.9,101.8432241,101.3197448,101.9519188,101.5644602
3.4,33.95,100.7518999,100.5054072,100.9766162,100.687834
3.4,34,99.83446141,99.44085346,100.0459418,99.69123545
3.4,34.05,98.71657787,98.41756011,98.94723429,98.60782287
3.4,34.1,97.72159827,97.38823192,97.84148126,97.58278013
3.4,34.15,96.69725678,96.40750323,96.86892896,96.50186329
3.4,34.2,95.76849875,95.5418209,95.91320102,95.52629062
3.4,34.25,94.67737746,94.49552265,94.75661351,94.60626838
3.4,34.3,93.68101049,93.54069191,93.93939985,93.69136479
3.4,34.35,92.77610691,92.74516616,92.95113523,92.62625518
3.4,34.4,91.91045713,91.74579676,91.98528536,91.74118125
3.4,34.45,90.94592457,90.91090087,91.05584505,90.82605965
3.4,34.5,90.08456125,90.16465375,90.19564754,90.03393451
3.4,34.55,89.18988984,89.31193873,89.34080178,89.21720005
3.4,34.6,88.44791967,88.42105875,88.49433282,88.39815399
3.4,34.65,87.63718547,87.74794794,87.57277629,87.69810318
3.4,34.7,86.95159646,87.14389237,86.88456042,86.98331201
3.4,34.75,86.20379186,86.44157998,86.27689216,86.27468484
3.4,34.8,85.54603266,85.69795035,85.59072646,85.63211219
3.4,34.85,85.06460176,85.29492375,84.83581693,85.08109707
3.4,34.9,84.47770943,84.69680534,84.28769762,84.56277194
3.4,34.95,83.98740875,84.16906667,83.90775024,84.14400992
3.4,35,83.48288173,83.74899066,83.42711876,83.72382294
3.4,35.05,83.1070999,83.56543381,83.03352152,83.30439813
3.4,35.1,82.81688742,83.28588314,82.73198698,82.94142704
3.4,35.15,82.54477753,82.92265669,82.41000998,82.78039239
3.4,35.2,82.40132014,82.80977671,82.2213424,82.43654528
3.4,35.25,82.2617798,82.7021807,82.05156067,82.46649549
3.4,35.3,82.05064874,82.65663625,82.01768234,82.37872889
3.4,35.35,82.05864183,82.56906941,81.82844452,82.40214338
3.4,35.4,82.1322088,82.67837509,81.9425344,82.2626777
3.4,35.45,82.22553825,82.87154321,81.96267278,82.38062572
3.4,35.5,82.48704857,82.96831437,82.12306521,82.5565066
3.4,35.55,82.58090291,83.26436432,82.44323013,82.82280744
3.4,35.6,82.80267085,83.55048226,82.70781793,83.15597949
3.4,35.65,83.32158213,83.92853767,83.07726146,83.41457714
3.4,35.7,83.58168743,84.16394892,83.35645347,83.98153619
3.4,35.75,83.98952164,84.7248531,83.76878715,84.24877885
3.4,35.8,84.63283412,85.14844516,84.35113096,84.93510486
3.4,35.85,85.2407155,85.83408641,84.87560651,85.45847407
3.4,35.9,85.85334492,86.39368012,85.44094171,86.06743546
3.4,35.95,86.50168457,87.02537038,86.06728158,86.65627154
3.4,36,87.04564337,87.78428376,86.93127191,87.43561164
3.4,36.05,87.80245397,88.54013007,87.53719873,88.17231522
3.4,36.1,88.57859139,89.25300317,88.36340117,88.81172475
3.4,36.15,89.38384002,90.056464,89.12003654,89.82012727
3.4,36.2,90.36667975,90.86015668,89.98296158,90.66027648
3.4,36.25,91.15743901,91.82298327,90.95850094,91.51427513
3.4,36.3,92.19271463,92.62649558,91.79662382,92.27219234
3.4,36.35,93.03125917,93.52755836,92.94152418,93.25681011
3.4,36.4,93.97453945,94.55426853,93.88270667,94.23147848
3.4,36.45,95.05030557,95.54145722,94.70749011,95.33127255
3.4,36.5,95.99854532,96.43777852,95.91211437,96.31626598
3.4,36.55,97.10309104,97.4899023,96.74329506,97.16506528
3.4,36.6,97.97720568,98.46604447,97.80050538,98.18461021
3.4,36.65,99.04110672,99.42366805,98.90165873,99.30507659
3.4,36.7,99.99028509,100.3979291,99.84092598,100.167927
3.4,36.75,101.0934704,101.3711471,100.9591641,101.3001251
3.4,36.8,102.1360077,102.4015006,101.9389669,102.1579506
3.4,36.85,103.14363,103.3451234,102.9157559,103.1902663
3.4,36.9,104.1362424,104.3173055,103.9111093,104.1088202
3.4,36.95,104.99511,105.2627158,104.9282163,105.2010327
3.4,37,106.0362056,106.0681268,105.9232335,106.1321931
3.4,37.05,106.9804557,106.9506392,106.9264374,107.0546912
3.4,37.1,107.7324698,107.899778,107.6928052,107.9036162
3.4,37.15,108.5689695,108.6817291,108.6987309,108.7056305
3.4,37.2,109.4119725,109.4182753,109.498201,109.451873
3.4,37.25,110.2774158,110.1938892,110.1831742,110.338703
3.4,37.3,111.038678,110.973683,111.0157655,110.9143789
3.4,37.35,111.7720486,111.6411506,111.7639476,111.6340296
3.4,37.4,112.4735756,112.1310175,112.5139339,112.3212777
3.4,37.45,112.9242127,112.720931,113.1582432,112.9863428
3.4,37.5,113.5384751,113.230431,113.6891336,113.4446793
3.4,37.55,114.1150995,113.804999,114.1697219,113.8989375
3.4,37.6,114.455877,114.2546929,114.7358661,114.5090615
3.4,37.65,114.9133514,114.6078869,114.9733923,114.8698789
3.4,37.7,115.2279487,114.9396082,115.449659,115.211478
3.4,37.75,115.5230947,115.17996,115.7445306,115.3100771
3.4,37.8,115.8098899,115.3459267,115.903367,115.618712
3.4,37.85,116.0362259,115.5780834,116.1268326,115.8285867
3.4,37.9,116.1298663,115.5886058,116.2921525,115.7813704
3.4,37.95,116.0536148,115.6004925,116.3939929,115.9800713
3.4,38,116.0930263,115.5357295,116.2785277,115.7862293
3.4,38.05,116.0631726,115.4703601,116.1515572,115.8734491
3.4,38.1,115.9553121,115.3552911,115.9949055,115.727644
3.4,38.15,115.5919375,115.0015758,115.8750616,115.5105932
3.4,38.2,115.4788561,114.8294128,115.6765805,115.2518736
3.4,38.25,115.063553,114.4079466,115.4246137,114.8715187
3.4,38.3,114.6903988,114.1639899,114.942995,114.3657272
3.4,38.35,114.1864924,113.7415669,114.6193015,114.0402826
3.4,38.4,113.7036522,113.2044406,114.0501975,113.5196036
3.4,38.45,113.3324541,112.6262627,113.5168575,112.9170155
3.4,38.5,112.6727803,111.9980704,112.8738602,112.4070116
3.4,38.55,112.0145047,111.4372229,112.2102065,111.7698919
3.5,38.6,111.3947151,110.7089938,111.5120087,111.16586
3.5,38.65,110.6823762,110.058212,110.823871,110.4208298
3.5,38.7,109.8410419,109.3466993,110.1222591,109.534685
3.5,38.75,109.0750578,108.503787,109.2362886,108.7453482
3.5,38.8,108.284444,107.5839235,108.4230307,107.988627
3.5,38.85,107.2313112,106.7470061,107.5511469,107.1059429
3.5,38.9,106.4896353,105.9488676,106.7256896,106.150118
3.5,38.95,105.3954638,105.055123,105.6397116,105.2758819
3.5,39,104.6043362,104.03192,104.6492898,104.2982339
3.5,39.05,103.4728912,103.1592608,103.8402862,103.3833629
3.5,39.1,102.4428612,102.1645469,102.7665665,102.364491
3.5,39.15,101.6067165,101.212205,101.7595046,101.3920717
3.5,39.2,100.5745433,100.2401004,100.6947476,100.3431148
3.5,39.25,99.54978919,99.10504247,99.71784169,99.40148662
3.5,39.3,98.47346217,98.15082801,98.57388575,98.3177164
3.5,39.35,97.39492256,97.19281611,97.62888769,97.40758497
3.5,39.4,96.35728636,96.22582014,96.55568874,96.33672294
3.5,39.45,95.46828114,95.23669781,95.62454278,95.41133425
3.5,39.5,94.4346683,94.3501062,94.4847652,94.29530167
3.5,39.55,93.56793807,93.41107389,93.5279534,93.33853103
3.5,39.6,92.52631535,92.42033562,92.60999254,92.50599887
3.5,39.65,91.68981762,91.59467515,91.73995604,91.57085392
3.5,39.7,90.74903053,90.60780203,90.7751216,90.68360272
3.5,39.75,89.88998127,89.80238103,89.91586953,89.85570556
3.5,39.8,89.01970087,89.03096973,89.05418649,89.01719226
3.5,39.85,88.11460385,88.19612417,88.1561605,88.1234522
3.5,39.9,87.40307945,87.52873963,87.50882116,87.35492632
3.5,39.95,86.63174924,86.90758179,86.67089918,86.79756324
3.5,40,86.08954572,86.12967514,85.93186194,86.15145808
3.5,40.05,85.33254216,85.6208532,85.37375158,85.42907381
3.5,40.1,84.83375269,85.05414746,84.82592629,85.00616046
3.5,40.15,84.35952154,84.49950112,84.25187011,84.45552827
3.5,40.2,83.73971766,84.10433215,83.65891761,83.90046573
3.5,40.25,83.3584533,83.73921948,83.19442525,83.60052674
3.5,40.3,83.06064978,83.49529516,82.99315094,83.08803594
3.5,40.35,82.64390192,83.11564412,82.56126665,82.85822872
3.5,40.4,82.55142139,82.97877417,82.34419175,82.63129139
3.5,40.45,82.29126368,82.74773543,82.06654026,82.50333192
3.5,40.5,82.11749564,82.59504111,81.97333579,82.45675827
3.5,40.55,82.10722491,82.57264761,81.93787013,82.32742991
3.5,40.6,82.03635832,82.55840096,81.92834876,82.23010524
3.5,40.65,82.24082971,82.73059606,81.90341582,82.41417246
3.5,40.7,82.2667328,82.80504171,82.13566796,82.55559957
3.5,40.75,82.54824728,82.98110763,82.23584075,82.65584724
3.5,40.8,82.72837056,83.19032763,82.41940851,82.97562709
3.5,40.85,83.05127377,83.6489763,82.7386995,83.30103491
3.5,40.9,83.44292188,83.86407392,83.02450358,83.59111365
3.5,40.95,83.78356098,84.35366384,83.55732507,83.96564974
3.5,41,84.12683992,84.74033215,83.89005492,84.51601093
3.5,41.05,84.81613881,85.37481993,84.50894665,85.08738055
3.5,41.1,85.26362082,85.9418544,85.03201641,85.60694188
3.5,41.15,85.92721406,86.60471342,85.69709629,86.24632892
3.5,41.2,86.53872203,87.18341584,86.419843,86.92674354
3.5,41.25,87.32833847,87.93195475,86.96059535,87.59316922
3.5,41.3,88.17064459,88.67291256,87.77849946,88.37772354
3.5,41.35,88.89331934,89.37686311,88.53040074,89.14171585
3.5,41.4,89.6309517,90.18059018,89.41465225,89.912312
3.5,41.45,90.63679857,91.08473016,90.36681279,90.90729211
3.5,41.5,91.42008962,91.94650092,91.19400207,91.64642141
3.5,41.55,92.35097714,92.89721818,92.22910315,92.55829067
3.5,41.6,93.30106728,93.77155848,93.11621843,93.58082249
3.5,41.65,94.39186313,94.82299488,94.00923857,94.53896218
3.5,41.7,95.32625089,95.7412135,95.11610089,95.41043265
3.5,41.75,96.38664963,96.76586223,96.12640669,96.50055544
3.5,41.8,97.30128013,97.65128359,97.02632644,97.46844588
3.5,41.85,98.25298488,98.73212308,98.23046948,98.41987302
3.5,41.9,99.38257518,99.59694263,99.27099072,99.52518545
3.5,41.95,100.3362085,100.60941,100.2668801,100.6041403
3.5,42,101.3098699,101.618031,101.2132736,101.4195357
3.5,42.05,102.3049445,102.7079654,102.2952266,102.4844766
3.5,42.1,103.4320889,103.5020433,103.1887483,103.4385326
3.5,42.15,104.4372438,104.4943249,104.1762628,104.5334952
3.5,42.2,105.2337235,105.4813576,105.2425217,105.3385163
3.5,42.25,106.1828521,106.3790541,106.1115276,106.3425552
3.5,42.3,107.1403204,107.2400983,107.1185765,107.1951492
3.5,42.35,108.1218768,108.0877907,107.9645453,108.1384876
3.5,42.4,108.8470623,108.8006858,108.7790576,108.9211815
3.5,42.45,109.6414852,109.7321336,109.6578591,109.6763764
3.5,42.5,110.4356098,110.3884944,110.5560813,110.5573303
3.5,42.55,111.3212638,111.1783142,111.3361415,111.2229887
3.5,42.6,111.8239236,111.6885645,111.9458712,111.8458776
3.5,42.65,112.6211086,112.4021238,112.5383112,112.4441301
3.5,42.7,113.1248665,112.9901242,113.1721749,113.1770652
3.5,42.75,113.6852212,113.5239168,113.8225829,113.5685833
3.5,42.8,114.2057724,113.9574723,114.2911509,114.1591734
3.5,42.85,114.6598122,114.2839466,114.8448956,114.5520446
3.5,42.9,114.9672942,114.6299326,115.1420318,114.8240374
3.5,42.95,115.3339331,114.8827468,115.5760722,115.2778884
3.5,43,115.5607309,115.3150627,115.716275,115.5260371
3.5,43.05,115.7815767,115.3512692,116.0448232,115.5695723
3.5,43.1,115.8943544,115.4397121,116.1126502,115.7252669
3.5,43.15,116.0535259,115.4992023,116.1664309,115.954598
3.5,43.2,116.1373023,115.5200843,116.3474448,115.8312519
3.5,43.25,116.1497488,115.6261154,116.3303565,115.9053148
3.5,43.3,116.0012771,115.4275265,116.1189823,115.7044577
3.5,43.35,115.7234047,115.268201,116.0094596,115.5212934
3.5,43.4,115.5931486,114.9998217,115.8958638,115.316786
3.5,43.45,115.4173495,114.7334814,115.5699773,115.0359147
3.5,43.5,115.0037436,114.4823945,115.2612923,114.8227423
3.5,43.55,114.6206261,114.0810512,114.9214884,114.3912558
3.5,43.6,114.1884292,113.5997885,114.3446894,113.8191021
3.5,43.65,113.6286627,112.9965455,113.8820019,113.4859739
3.5,43.7,113.0529503,112.4403816,113.2903576,112.8174134
3.5,43.75,112.4852389,111.8684631,112.8429243,112.256977
3.5,43.8,111.8734289,111.2875565,112.025582,111.5309152
3.5,43.85,111.1308303,110.5807758,111.3154394,110.8941484
3.5,43.9,110.3331114,109.9150307,110.6123582,110.211387
3.5,43.95,109.6504304,108.9995822,109.8028894,109.3357873
3.5,44,108.8716734,108.1650077,109.1035243,108.4536929
3.5,44.05,108.039717,107.3792067,108.167798,107.6689183
3.5,44.1,107.1275543,106.593088,107.2217678,106.723551
3.5,44.15,106.1424749,105.570516,106.3075785,105.9219872
3.5,44.2,105.1624499,104.6569455,105.3756794,104.9302194
3.5,44.25,104.1710832,103.7463639,104.495699,104.0371146
3.5,44.3,103.2328935,102.7757475,103.4982767,102.9487959
3.5,44.35,102.237875,101.9216485,102.5267345,102.13507
3.5,44.4,101.3005992,100.8388832,101.5083834,101.1508052
3.5,44.45,100.1961156,99.83475514,100.3815451,100.1191054
3.5,44.5,99.12534056,98.90613412,99.46271797,98.99640124
3.5,44.55,98.12870508,97.8600902,98.32564212,98.02505721
3.5,44.6,97.2766268,96.94293747,97.38592638,97.11221002
3.5,44.65,96.10959135,95.96550881,96.30809905,96.02658475
3.5,44.7,95.1389873,95.06546309,95.37713333,95.0765448
3.5,44.75,94.09201121,93.93188274,94.34425534,94.09861498
3.5,44.8,93.21656874,93.13807687,93.32554357,93.17505233
3.5,44.85,92.3094065,92.17362052,92.36265282,92.2721626
3.5,44.9,91.30290294,91.34324387,91.495491,91.30701457
3.5,44.95,90.48516845,90.48806174,90.56050578,90.46348477
3.5,45,89.64865717,89.51951502,89.72502282,89.51339121
3.5,45.05,88.67784837,88.80835647,88.74350286,88.8044243
3.5,45.1,88.00209448,87.99103983,87.92415652,88.07571957
3.5,45.15,87.19636218,87.41937506,87.29147712,87.15383159
3.5,45.2,86.4226413,86.66178276,86.45252385,86.57929091
3.5,45.25,85.82786166,86.04066098,85.77368686,85.93780016
3.5,45.3,85.276794,85.55464329,85.13500792,85.33932385
3.5,45.35,84.66782409,84.89635488,84.58397369,84.79539055
3.5,45.4,84.15763753,84.49096647,84.1625992,84.21550686
3.5,45.45,83.73162439,83.93191988,83.54038464,83.73346787
3.5,45.5,83.35515902,83.54608287,83.08908522,83.46425964
3.5,45.55,82.87912807,83.2445512,82.82506124,82.9967779
3.5,45.6,82.71560879,83.01376148,82.52800869,82.84096935
3.5,45.65,82.48402932,82.95214584,82.17303922,82.60559968
3.5,45.7,82.32630213,82.66464726,82.17487052,82.4235187
3.5,45.75,82.12873436,82.60905477,81.9634171,82.31202773
3.5,45.8,82.05000936,82.6043638,81.91373106,82.20648965
3.5,45.85,82.17015594,82.70057986,81.84911938,82.27656899
3.5,45.9,82.10361039,82.70509204,82.04271365,82.35097692
3.5,45.95,82.28406868,82.91797469,82.17379953,82.50932696
3.5,46,82.46278455,83.09481536,82.28760426,82.77207969
3.5,46.05,82.70352684,83.2778511,82.47352801,83.08525229
3.5,46.1,83.00257925,83.70140008,82.92555745,83.42458535
3.5,46.15,83.38374388,84.04129703,83.11964169,83.80205501
3.5,46.2,83.81779273,84.44023674,83.56127769,84.19246755
3.5,46.25,84.28087772,84.88621347,84.01596987,84.66431166
3.5,46.3,84.96287905,85.54590129,84.57598333,85.20056763
3.5,46.35,85.47008389,86.15954426,85.17270082,85.65060111
3.5,46.4,86.20482833,86.63743433,85.88564461,86.31381669
3.5,46.45,86.75934159,87.39299124,86.51013707,87.14532877
3.5,46.5,87.48110491,88.09623163,87.32070386,87.85281098
3.5,46.55,88.30590331,88.80589185,88.03386016,88.5270401
3.5,46.6,89.12578047,89.66366768,88.88665143,89.28232713
3.5,46.65,90.00336612,90.58222695,89.71936157,90.12489434
3.5,46.7,90.88864158,91.43653625,90.53598251,91.08493368
3.5,46.75,91.78654128,92.22588708,91.565599,92.04960791
3.5,46.8,92.68307134,93.07191613,92.42036294,92.84432183
3.5,46.85,93.67135822,94.04064399,93.45543162,93.83024701
3.5,46.9,94.5083165,95.09450658,94.28107481,94.77706864
3.5,46.95,95.59645595,96.01066646,95.29432601,95.74004083
3.5,47,96.49039361,96.92980246,96.35040975,96.87761132
3.5,47.05,97.61599251,97.87642273,97.50058389,97.85981394
3.5,47.1,98.65402486,99.03229584,98.49166753,98.70522842
3.5,47.15,99.57926562,100.002592,99.36972314,99.73423744
3.5,47.2,100.696915,101.0214245,100.506465,100.8353941
3.5,47.25,101.6573388,101.9529515,101.4272737,101.7420388
3.5,47.3,102.5992994,102.9270904,102.6314542,102.7282218
3.5,47.35,103.5909821,103.8465301,103.5784789,103.6853774
3.5,47.4,104.6185489,104.8447199,104.5692012,104.7066964
3.5,47.45,105.5544671,105.6346604,105.5362008,105.7552014
3.5,47.5,106.5338729,106.6361323,106.4274323,106.6754814
3.5,47.55,107.4883294,107.4655866,107.30131,107.438593
3.5,47.6,108.2036101,108.3316521,108.3452692,108.3013901
3.5,47.65,109.1489796,109.1882796,109.0402339,109.18154
3.5,47.7,109.9516453,109.801296,109.8732446,109.9888422
3.5,47.75,110.7674785,110.5769923,110.6749802,110.6275438
3.5,47.8,111.5251856,111.1944585,111.5452269,111.3531527
3.5,47.85,112.0830067,111.9603928,112.1103329,112.030887
3.5,47.9,112.6691289,112.4899228,112.8749206,112.7722847
3.5,47.95,113.4132622,113.1320072,113.4751326,113.3457882
3.5,48,113.8888576,113.5584494,113.9580249,113.7003549
3.5,48.05,114.4045808,114.0609738,114.4693245,114.2622233
3.5,48.1,114.7603937,114.3915075,114.9346985,114.6859206
3.5,48.15,115.1449596,114.863175,115.17115,115.0796903
3.5,48.2,115.3720131,115.0803822,115.6276257,115.2527721
3.5,48.25,115.7649746,115.3227047,115.8704282,115.4560383
3.5,48.3,115.9127831,115.3940164,116.1212278,115.6840597
3.5,48.35,116.0520552,115.5530165,116.2209478,115.7547242
3.5,48.4,116.0698636,115.6712644,116.280602,115.9812186
3.5,48.45,116.1855506,115.5772739,116.2297676,115.94616
3.5,48.5,116.0571986,115.5490815,116.2583577,115.7420366
3.5,48.55,116.001981,115.4002859,116.1715841,115.6434556
3.5,48.6,115.8134717,115.2435428,116.0281006,115.577686
3.5,48.65,115.5259104,114.9925259,115.7957183,115.2067683
3.5,48.7,115.2075643,114.7020641,115.3799046,115.0426026
3.5,48.75,114.9717286,114.3532316,115.1108236,114.6111731
3.5,48.8,114.4465261,113.7850235,114.6713872,114.1253294
3.5,48.85,114.0206474,113.3482872,114.3328348,113.808637
3.5,48.9,113.4561659,112.8109971,113.8442502,113.2000785
3.5,48.95,113.00637,112.3038844,113.2753213,112.7340978
3.5,49,112.3003279,111.725514,112.5772782,112.0906697
3.5,49.05,111.5687893,111.0939078,111.8742586,111.3082369
3.5,49.1,111.0149023,110.4076927,111.2803444,110.5891243
3.5,49.15,110.2399321,109.5932391,110.3628757,109.915325
3.5,49.2,109.4904172,108.8070817,109.6581142,109.2046639
3.5,49.25,108.6580497,108.0270212,108.7539197,108.2141825
3.5,49.3,107.6670877,107.1648335,107.9456622,107.5148856
3.5,49.35,106.7277311,106.3642842,107.119239,106.5451167
3.5,49.4,105.8734928,105.294979,106.0905275,105.7348229
3.5,49.45,104.8852892,104.4607388,105.1685012,104.687589
3.5,49.5,104.0002777,103.5246312,104.1168778,103.8124272
3.5,49.55,102.9341686,102.5181638,103.2742454,102.7048715
3.5,49.6,101.9497307,101.5736641,102.2380889,101.8673255
3.5,49.65,100.995096,100.605439,101.2390274,100.8762325
3.5,49.7,99.92766384,99.61764059,100.2054692,99.69574023
3.5,49.75,98.9961163,98.57831097,99.08752077,98.69803393
3.5,49.8,97.87328884,97.56096561,98.00497701,97.81606192
3.5,49.85,97.0001379,96.58147512,97.04305018,96.75695084
3.5,49.9,95.87387307,95.6545372,95.99313356,95.69021587